Crime ID,Month,Reported by,Falls within,Longitude,Latitude,Location,LSOA code,LSOA name,Outcome type
2964b887c12cddfaa3c416c8e73c8903969d35346ad3a815b125231306dd743c,2015-10,City of London Police,City of London Police,,,No location,,,Suspect charged
e51f5316ec3feae442a5121fa436106acb6bb8a86073d89061e97a0871e423f8,2015-10,City of London Police,City of London Police,,,No location,,,Unable to prosecute suspect
e714b5b76b027ef552540110e146ae38f1cfaf90dd99a73fb92b94b52a6d722f,2015-10,City of London Police,City of London Police,,,No location,,,Investigation complete; no suspect identified
4b4cedd19f4eec3f4a6755bdb708334ece2a81b8274c298c96782ddded8c9c09,2015-10,City of London Police,City of London Police,,,No location,,,Investigation complete; no suspect identified
159568c6beeab3a18eb12befdec5a2df6f3a81b0f3a8fafc9c0338d32aff2b75,2015-10,City of London Police,City of London Police,,,No location,,,Investigation complete; no suspect identified
a2a4f6289f0243d4e5e4f587de4585c7e7886b9cef95fa6a5d4a0139dad2a594,2015-10,City of London Police,City of London Police,-0.096363,51.513377,On or near NEW CHANGE,E01032739,City of London 001F,Investigation complete; no suspect identified
bb7b5f9655710753d2b4b04ed7885db16e07ab9be0372d63c59c01a074f73330,2015-10,City of London Police,City of London Police,-0.086624,51.511923,On or near CLEMENT'S LANE,E01032739,City of London 001F,Formal action is not in the public interest
945d51c38ff9dd8a09b8f2fee8fb5ffaacaa98114d94fe66be30b0b63c831bec,2015-10,City of London Police,City of London Police,-0.080322,51.510651,On or near MARK LANE,E01032739,City of London 001F,Investigation complete; no suspect identified
830ba28beff84a510712b52bebaa5eed07e2a50c9bdb7ce8b720b362981363f1,2015-10,City of London Police,City of London Police,,,No location,,,Investigation complete; no suspect identified
d074a034f1e1bb151c18dcae1ecae1f23a2f343f7377fbcff936d938c3030c32,2015-10,City of London Police,City of London Police,-0.092865,51.510182,On or near Parking Area,E01032739,City of London 001F,Investigation complete; no suspect identified
dd5ea32e60d2d2283cda16a1a8edf7a8e0acfbc78f9f1d4b4476f586a955a128,2015-10,City of London Police,City of London Police,-0.095892,51.516391,On or near NOBLE STREET,E01000001,City of London 001A,Investigation complete; no suspect identified
9523c5688811ea493e05e875900bf7282ff10e0273e6b66226c7077636540d1b,2015-10,City of London Police,City of London Police,-0.091151,51.514992,On or near GRESHAM STREET,E01032739,City of London 001F,Unable to prosecute suspect
fafdf1b0c780a80b106a55dc8b5269f53873077c75340e0e8166904dc2c8ac6b,2015-10,City of London Police,City of London Police,-0.091151,51.514992,On or near GRESHAM STREET,E01032739,City of London 001F,Unable to prosecute suspect
db1da1153cce355055cdfab567ee6ccfe38559e226f2bafd1285c75baf102373,2015-10,City of London Police,City of London Police,-0.077601,51.518799,On or near STEWARD STREET,E01004307,Tower Hamlets 015B,Investigation complete; no suspect identified
55aae879aeba167f8bf25d0c4f1597a751245c2bf2d0aa0b9c0d9a41d836e6fd,2015-10,City of London Police,City of London Police,-0.102502,51.516165,On or near GREEN ARBOUR COURT,E01032740,City of London 001G,Investigation complete; no suspect identified
25ff2856f5b511e67cd52e7b2820f90a8873229ad25c80859f69751b379302aa,2015-10,City of London Police,City of London Police,-0.080665,51.509344,On or near Pedestrian Subway,E01032739,City of London 001F,Investigation complete; no suspect identified
c76ca9229ba5645ae5a52b5076228a1ed0b938d745720297ed7cff13a26aa1aa,2015-10,City of London Police,City of London Police,-0.101963,51.519097,On or near Conference/Exhibition Centre,E01032740,City of London 001G,Investigation complete; no suspect identified
60c0e64bf443fe5c65b26353ead5097acec82a632e17073615598a3a09a52809,2015-10,City of London Police,City of London Police,-0.108018,51.511749,On or near TEMPLE AVENUE,E01032740,City of London 001G,Investigation complete; no suspect identified
750f3902aee5f6e5d79d77db589b4aece2ec89870920e34f1091687771395be9,2015-10,City of London Police,City of London Police,-0.079613,51.517231,On or near NEW STREET,E01032739,City of London 001F,Investigation complete; no suspect identified
469cd0598f30a4debd0da4afece4165703700cbe76f33dcb78d01cbb6cbd82fa,2015-10,City of London Police,City of London Police,-0.100179,51.514158,On or near Shopping Area,E01032739,City of London 001F,Investigation complete; no suspect identified
17c4f6727c34eccbbceb0ffb8373812819199a96285d91a53045c9b68c9daab6,2015-10,City of London Police,City of London Police,-0.082571,51.514753,On or near GREAT ST HELEN'S,E01032739,City of London 001F,Investigation complete; no suspect identified
0408569e65a7a70433dc99d97b76de191bb1e1a3d4bad3db354a4063a82aa254,2015-10,City of London Police,City of London Police,-0.092865,51.510182,On or near Parking Area,E01032739,City of London 001F,Investigation complete; no suspect identified
d2b2fe4d4c93fdcd2c3ea2e5fc05eacd4f2feaafe53874fa056f2fd2c92cb0a1,2015-10,City of London Police,City of London Police,-0.078308,51.518091,On or near WIDEGATE STREET,E01032739,City of London 001F,Investigation complete; no suspect identified
15aecb52d20437e6163dc7c9853846224b4ceaa63f83df6d4d53e2acd0d582fc,2015-10,City of London Police,City of London Police,-0.082965,51.516351,On or near WORMWOOD STREET,E01032739,City of London 001F,Investigation complete; no suspect identified
df5eb3fcfab66ef6b194f51fce1026204a94977c1bc7e6090b47e741b95f6867,2015-10,City of London Police,City of London Police,-0.080376,51.517244,On or near Supermarket,E01032739,City of London 001F,Investigation complete; no suspect identified
b2a4ece79874804fd9e1f23d8f4bd95c8280e60444cb2c8bcb4603c45eed97eb,2015-10,City of London Police,City of London Police,-0.080376,51.517244,On or near Supermarket,E01032739,City of London 001F,Investigation complete; no suspect identified
e01a5563eed0e9519412f8afe9c5e9224b56d81d0cb086be6ab5d1f68e359232,2015-10,City of London Police,City of London Police,-0.089451,51.517032,On or near Bus/Coach Station,E01032739,City of London 001F,Investigation complete; no suspect identified
9721e73e1082d1c041f0b290ec2724f05e22cecab40dc4fe4a520231a3d77d83,2015-10,City of London Police,City of London Police,-0.082571,51.514753,On or near GREAT ST HELEN'S,E01032739,City of London 001F,Investigation complete; no suspect identified
0c8df33f887730b3eff533c0cd3f2f39850b94893d558fdf798195109c3bf87c,2015-10,City of London Police,City of London Police,-0.090348,51.519358,On or near MOOR LANE,E01000002,City of London 001B,Investigation complete; no suspect identified
f7fcec9dec72e695b0dd6c204eadc46ccefcf934dfebea9b401c1a577f8343df,2015-10,City of London Police,City of London Police,-0.078856,51.518433,On or near ARTILLERY LANE,E01032739,City of London 001F,Investigation complete; no suspect identified
3a5bfdb9be2cc925cfaac1c181bc67a4545ad869ddf3d899f9bde155ed5a1527,2015-10,City of London Police,City of London Police,-0.074793,51.511208,On or near Pedestrian Subway,E01000005,City of London 001E,Investigation complete; no suspect identified
8380bc54579fcc519ad7cd8f17adedd76130d2a3df9a69dc4e0a8968758522ee,2015-10,City of London Police,City of London Police,-0.086051,51.513569,On or near FINCH LANE,E01032739,City of London 001F,Investigation complete; no suspect identified
c12db8aeaf57515e082328938001ce884efb0615fb02004e8be7577b89cde65b,2015-10,City of London Police,City of London Police,,,No location,,,Investigation complete; no suspect identified
8546cfae6bde4b7066a3688840d5e46a0a63a55e8aff12d2dd1c87e4b92bdc25,2015-10,City of London Police,City of London Police,-0.084618,51.512682,On or near GRACECHURCH STREET,E01032739,City of London 001F,Investigation complete; no suspect identified
92d0fc9f285e75c330829c4751ffd2cca94d0e4b23730f0e1918842e3fc66135,2015-10,City of London Police,City of London Police,-0.083993,51.511440,On or near PHILPOT LANE,E01032739,City of London 001F,Investigation complete; no suspect identified
6c1136cd1dfdfaceb022e796074b902fec43af5ba18a92699df77a688005dc07,2015-10,City of London Police,City of London Police,,,No location,,,Investigation complete; no suspect identified
d6f721a4ba6e4c6f80da55ad756fa9ada4b58587c4926f45d8a100172593022b,2015-10,City of London Police,City of London Police,-0.079011,51.509614,On or near Pedestrian Subway,E01032739,City of London 001F,Investigation complete; no suspect identified
7bfe28fe93eb5f9f9ccca0460b6ef005004159e66e8e4b15612a287baa4de419,2015-10,City of London Police,City of London Police,-0.091151,51.514992,On or near GRESHAM STREET,E01032739,City of London 001F,Investigation complete; no suspect identified
6fe2f33e390626d7939553cd78609227b64698e5ad7d62225d331c8594cc733c,2015-10,City of London Police,City of London Police,,,No location,,,Investigation complete; no suspect identified
41dd143d6130f8e4505028415d9fc5ebc224954bb81ada9247bbe6192dd48763,2015-10,City of London Police,City of London Police,-0.104281,51.516032,On or near BEAR ALLEY,E01032740,City of London 001G,Investigation complete; no suspect identified
6e5725637e9cf4aa9b9f8c764f2926f361594394edf17945d70526d546a23eff,2015-10,City of London Police,City of London Police,-0.090804,51.511560,On or near DOWGATE HILL,E01032739,City of London 001F,Investigation complete; no suspect identified
ee8009cbe5a759328c6fc2c3f950a46818d491ace880393777b9b305b638cda4,2015-10,City of London Police,City of London Police,-0.102502,51.516165,On or near GREEN ARBOUR COURT,E01032740,City of London 001G,Investigation complete; no suspect identified
a2247d55bb2fd105d317d72e4077834d32ca967d1d6a521641ba89a8612b1b09,2015-10,City of London Police,City of London Police,-0.075722,51.511053,On or near CRESCENT,E01000005,City of London 001E,Unable to prosecute suspect
999b7c7f34cf1b6e50dfd2196033ad5a1013980ff2f2fb2fc4d0e9f22383bc8b,2015-10,City of London Police,City of London Police,-0.075722,51.511053,On or near CRESCENT,E01000005,City of London 001E,Unable to prosecute suspect
efd0ca74e5c5f866b2eb6e6b0b80276c5bd149a76105d7d8c087ff096e1402d3,2015-10,City of London Police,City of London Police,-0.086278,51.509876,On or near FISH STREET HILL,E01032739,City of London 001F,Investigation complete; no suspect identified
4da3787c20769d965798e53a8bd1ce79457b98ace00b0b2c5374598a4fc272df,2015-10,City of London Police,City of London Police,-0.083150,51.510913,On or near ROOD LANE,E01032739,City of London 001F,Investigation complete; no suspect identified
5281ab79b65069eb5ac0c56499f56962bc622c24bcd9b42879f0717ce9b104da,2015-10,City of London Police,City of London Police,-0.085355,51.510563,On or near PUDDING LANE,E01032739,City of London 001F,Investigation complete; no suspect identified
1facd12b1c5bf9a69cd406af4c758ccb0fe8a9c20c5743473208e9a98210f547,2015-10,City of London Police,City of London Police,-0.100202,51.513268,On or near DEAN'S COURT,E01032739,City of London 001F,Investigation complete; no suspect identified
56c5fdcfca9110508e0773c0949881c433a7dd9e86ade3933db33e7656471a3e,2015-10,City of London Police,City of London Police,-0.080728,51.511611,On or near Supermarket,E01032739,City of London 001F,Investigation complete; no suspect identified
93e6b2dc5296d7260e180968deb2b47147f812d1922fd63fbda55b28c81f68ff,2015-10,City of London Police,City of London Police,-0.084095,51.516900,On or near NEW BROAD STREET,E01032739,City of London 001F,Investigation complete; no suspect identified
10a8e546a7fbf552ae1df2c7135309ef901bb2df489c31c90f333c3f1867057b,2015-10,City of London Police,City of London Police,-0.110735,51.517836,On or near Further/Higher Educational Building,E01032740,City of London 001G,Investigation complete; no suspect identified
72afe98675f91e34cd1f0beee86a2c9d4a94715eaad12ea51b619729ae385087,2015-10,City of London Police,City of London Police,-0.077451,51.515523,On or near WHITE KENNETT STREET,E01000005,City of London 001E,Investigation complete; no suspect identified
4b00eab8b036e3d751eb5b957cb6a6945df5d93ded8da57ea18b1f2a0d43b797,2015-10,City of London Police,City of London Police,-0.085173,51.518680,On or near FINSBURY AVENUE,E01032739,City of London 001F,Investigation complete; no suspect identified
03815cb1d57729de4594cd45145cc6c6049a8e57230831051153eec3dabaa9b3,2015-10,City of London Police,City of London Police,-0.085669,51.515100,On or near AUSTIN FRIARS,E01032739,City of London 001F,Investigation complete; no suspect identified
0d75fdf3e6da0ba9cf859b0ac1eedd884053d028bb78727bd90a364fce322054,2015-10,City of London Police,City of London Police,-0.092719,51.512652,On or near QUEEN VICTORIA STREET,E01032739,City of London 001F,Investigation complete; no suspect identified
f41f88d39f7075b8e8c38f28bd50d9942a3664098444acc06c629d2e08c3fa81,2015-10,City of London Police,City of London Police,-0.105134,51.513869,On or near BRIDE LANE,E01032740,City of London 001G,Investigation complete; no suspect identified
17261da18ead360bdd72fd8956a8c4f2575dd1aaa6b9f0c0fd871232f781e4da,2015-10,City of London Police,City of London Police,-0.102502,51.516165,On or near GREEN ARBOUR COURT,E01032740,City of London 001G,Investigation complete; no suspect identified
0dfe1fb8c5d2e012f3ad00ea158b5c8de5bfde2d4f74a6e7a7eb65c8f25383ab,2015-10,City of London Police,City of London Police,-0.100884,51.516966,On or near Hospital,E01032740,City of London 001G,Investigation complete; no suspect identified
56f8a1b8d9a39a96025da31a53d1b687a221fa357b4b07cb3aad21152044ce7f,2015-10,City of London Police,City of London Police,-0.090203,51.511118,On or near SCOTT'S YARD,E01032739,City of London 001F,Unable to prosecute suspect
fd0dfe229add7d13f72c7649eebb8b43ce6ed1d02c23ae075d6df94d00b3b7d9,2015-10,City of London Police,City of London Police,-0.096511,51.511922,On or near QUEEN VICTORIA STREET,E01032739,City of London 001F,Investigation complete; no suspect identified
2b92dad87a31ed39abae5d70407bab815f67b5fdcd66b551b4d85c8b74119237,2015-10,City of London Police,City of London Police,-0.075508,51.514763,On or near Pedestrian Subway,E01000005,City of London 001E,Investigation complete; no suspect identified
29760aa49853c31776b4d5d9858f3ad510dcb304a41769e2b77b44f6683f07b4,2015-10,City of London Police,City of London Police,-0.074210,51.511711,On or near PORTSOKEN STREET,E01000005,City of London 001E,Investigation complete; no suspect identified
e3f0a493329ee9dfa1ba2ef086ba7358a0f48c7c24d5b9a42a30237908e10e3d,2015-10,City of London Police,City of London Police,-0.086051,51.513569,On or near FINCH LANE,E01032739,City of London 001F,Investigation complete; no suspect identified
2ae74035937570f1c0fc8269b049ee0b2128eb4be542edaf57b01d0267051cb3,2015-10,City of London Police,City of London Police,-0.100179,51.514158,On or near Shopping Area,E01032739,City of London 001F,Investigation complete; no suspect identified
fc0a6f858335ed69494c92511b91815a11ee82fff432862750f10c40381f93af,2015-10,City of London Police,City of London Police,-0.084768,51.512882,On or near CORBET COURT,E01032739,City of London 001F,Investigation complete; no suspect identified
1d9311d4cf8746a9a4763bfdb7f8dd5cd55068b375c43ff9553c36400ee87997,2015-10,City of London Police,City of London Police,-0.092719,51.512652,On or near QUEEN VICTORIA STREET,E01032739,City of London 001F,Investigation complete; no suspect identified
c61a835211e3ea96220478c8d01bc63f9c2983a9d884d16a94a671f84c5b9f41,2015-10,City of London Police,City of London Police,-0.082512,51.512387,On or near LIME STREET,E01032739,City of London 001F,Unable to prosecute suspect
847503d0318d4a296ec1d2018264189be4f276d087579c951af2e1452acb04db,2015-10,City of London Police,City of London Police,-0.104621,51.512692,On or near Supermarket,E01032740,City of London 001G,Investigation complete; no suspect identified
d570b5353fad378f62a9821f7797b2909c42e8939755afbc97db7edae38c5e69,2015-10,City of London Police,City of London Police,-0.105134,51.513869,On or near BRIDE LANE,E01032740,City of London 001G,Investigation complete; no suspect identified
353865d36ac27648e6d4d6cd15861b7dbe435b3a8c8b9ee4791cad8b7b55d049,2015-10,City of London Police,City of London Police,,,No location,,,Formal action is not in the public interest
b148f0f69ce8eca7da85f97947af14bc62dd0e421abc3880b94e74c7c758da98,2015-10,City of London Police,City of London Police,-0.092719,51.512652,On or near QUEEN VICTORIA STREET,E01032739,City of London 001F,Investigation complete; no suspect identified
6a51fa819736b39ff7f657a3e9c151baa5f6bd6614dd2bbf783f97b53ea80898,2015-10,City of London Police,City of London Police,-0.079607,51.515657,On or near ST MARY AXE,E01000005,City of London 001E,Investigation complete; no suspect identified
66a9f08cfb606a8fdacbad16f3af35bab2d2ba5d05a86287993725fc2ffacd39,2015-10,City of London Police,City of London Police,-0.085014,51.509775,On or near MONUMENT STREET,E01032739,City of London 001F,Investigation complete; no suspect identified
479e37a23c289ffbce1462d15bd303919279666e5bfa7d1841a939b77eb8c078,2015-10,City of London Police,City of London Police,-0.100202,51.513268,On or near DEAN'S COURT,E01032739,City of London 001F,Investigation complete; no suspect identified
d01318d7ed3ad69c8505aa1aba445a3cdadbc119f812063b79c1a96d92b2e494,2015-10,City of London Police,City of London Police,-0.088995,51.512088,On or near ST SWITHIN'S LANE,E01032739,City of London 001F,Unable to prosecute suspect
8a00bb0652012e7d41f9cc9a6e889ca9886fc5d3dfe833c708be0a2a5575fc26,2015-10,City of London Police,City of London Police,-0.108231,51.513928,On or near PLEYDELL STREET,E01032740,City of London 001G,Investigation complete; no suspect identified
107e3cba09dcefd567e5cf40814df7359142f5e38f58321136227b2f38d5553f,2015-10,City of London Police,City of London Police,-0.105134,51.513869,On or near BRIDE LANE,E01032740,City of London 001G,Investigation complete; no suspect identified
adb8b2d25ed699f32a2d4aa85d84ca8c3e06f642550b8757565e543b7b1f6a11,2015-10,City of London Police,City of London Police,-0.088233,51.515484,On or near TOKENHOUSE YARD,E01032739,City of London 001F,Investigation complete; no suspect identified
837e25931c4709957b4bad2e7ea947d8a9c449c6f405c29f66b71ac556ab6bca,2015-10,City of London Police,City of London Police,-0.082571,51.514753,On or near GREAT ST HELEN'S,E01032739,City of London 001F,Formal action is not in the public interest
85d31ed7a93c5a69f35ead7116f3f0ad2b3e557195c0636f551d370dcdb973e4,2015-10,City of London Police,City of London Police,-0.108164,51.516571,On or near NEW FETTER LANE,E01032740,City of London 001G,Investigation complete; no suspect identified
a367d30dd772fb05800e16d3868c22aa069649325f9b485dbcf1883838dab8f3,2015-10,City of London Police,City of London Police,-0.100884,51.516966,On or near Hospital,E01032740,City of London 001G,Investigation complete; no suspect identified
a0dec03fcde08c6f7736c376731e61270c96a4d55be414a443fb9feb9ac7a8e6,2015-10,City of London Police,City of London Police,-0.090710,51.513132,On or near QUEEN VICTORIA STREET,E01032739,City of London 001F,Investigation complete; no suspect identified
4179a47fa5b565a4371db61048b1cdfd998308977e6e98088e6e35aa4da44739,2015-10,City of London Police,City of London Police,,,No location,,,Unable to prosecute suspect
94bffe4fa007b2372e739270e9117ccb95083da57bbd9caf30d6118daf9ca858,2015-10,City of London Police,City of London Police,-0.088621,51.518619,On or near MOORFIELDS,E01000002,City of London 001B,Investigation complete; no suspect identified
04e6a94ad1d104dec660805103cba7d9e6cfc2340d1dbe14bff5698619c73611,2015-10,City of London Police,City of London Police,-0.077451,51.515523,On or near WHITE KENNETT STREET,E01000005,City of London 001E,Investigation complete; no suspect identified
d656e31b311ad594f53d78731171e88b7529b3e475b4cf35f1ff9d34855cde13,2015-10,City of London Police,City of London Police,-0.085173,51.518680,On or near FINSBURY AVENUE,E01032739,City of London 001F,Unable to prosecute suspect
726a04a086ed32b2d2e589ba4bcd913b39c7be39f7ab40b26c32a89835d6d7da,2015-10,City of London Police,City of London Police,-0.088203,51.518262,On or near MOORGATE,E01032739,City of London 001F,Investigation complete; no suspect identified
ccb544aeba9d855e60980948fe0162b32c3803debfa17bdd37476981dd9cf066,2015-10,City of London Police,City of London Police,-0.086278,51.509876,On or near FISH STREET HILL,E01032739,City of London 001F,Investigation complete; no suspect identified
3a34f2b32c9c020a832a24a81ba8c4548295df1f8a64afe140554520e5c3b255,2015-10,City of London Police,City of London Police,-0.096385,51.510787,On or near GARDNERS LANE,E01032739,City of London 001F,Investigation complete; no suspect identified
8d3f7440d5b5f48ab6e1c40444ca4d038ed878a49735c6b6cb35b426d79ceed4,2015-10,City of London Police,City of London Police,-0.098886,51.519254,On or near KINGHORN STREET,E01032740,City of London 001G,Investigation complete; no suspect identified
fbe7f769ee855e149ad8ceea6382f6b9963e05ec197e00e6ba9d75a67309a3f8,2015-10,City of London Police,City of London Police,-0.081580,51.520510,On or near PINDAR STREET,E01032739,City of London 001F,Investigation complete; no suspect identified
06e0e6c788dee05cbaa930c28e18bebdba724a29f20bc0d59812aecdbfd53d07,2015-10,City of London Police,City of London Police,-0.084566,51.517690,On or near BLOMFIELD STREET,E01032739,City of London 001F,Investigation complete; no suspect identified
a23947216cacb9bea3c388df23e2c9ee8a14f9ad6c003da0d07f3fd8e85bf317,2015-10,City of London Police,City of London Police,-0.084566,51.517690,On or near BLOMFIELD STREET,E01032739,City of London 001F,Unable to prosecute suspect
5b2797e2abe38e24fc39085fbf3e57b91057ca1bf44316749b4beca785a0ce3a,2015-10,City of London Police,City of London Police,-0.087118,51.513199,On or near Nightclub,E01032739,City of London 001F,Investigation complete; no suspect identified
89174ef5779f24423019cc7315d848b1bc49aaf6efd44bb26c590a35bec6b321,2015-10,City of London Police,City of London Police,-0.087666,51.511122,On or near CANNON STREET,E01032739,City of London 001F,Investigation complete; no suspect identified
704c45f545d09712b7a48db265a70c1ac170b087153424c90efc776823be3aa5,2015-10,City of London Police,City of London Police,-0.097645,51.515142,On or near ST MARTIN'S LE GRAND,E01032739,City of London 001F,Unable to prosecute suspect
18dd7f68bdf4c395186b0677d8a1dc20789e685b2da5eb13ad408a9adb437dbb,2015-10,City of London Police,City of London Police,-0.092296,51.511386,On or near COLLEGE HILL,E01032739,City of London 001F,Unable to prosecute suspect
8be4cf8f20c37e3827b47280bfb27697db1bc3f3d427134f3da1c6cf57750414,2015-10,City of London Police,City of London Police,-0.084967,51.512598,On or near BELL INN YARD,E01032739,City of London 001F,Investigation complete; no suspect identified
fdf6b864f42b09e1df856e0fcc79b0e53afc8338dadf85a393beb6a2814746ef,2015-10,City of London Police,City of London Police,-0.074793,51.511208,On or near Pedestrian Subway,E01000005,City of London 001E,Investigation complete; no suspect identified
caeb30fdfcf3c735872e004f3da7ce5edd063fb9327b7ab5c5bf9f360a358cfd,2015-10,City of London Police,City of London Police,-0.113767,51.517372,On or near STONE BUILDINGS,E01000914,Camden 028B,Investigation complete; no suspect identified
b0ac598c2f65f52474501a5fa47dd41997e40da92ba2db469045ac6cd3f494a7,2015-10,City of London Police,City of London Police,-0.084251,51.520059,On or near SUN STREET,E01032739,City of London 001F,Investigation complete; no suspect identified
1c79411a6fd3caaae8984b3a15201dccf0a1b7bae5ad1aa680ff7b6b770f76fd,2015-10,City of London Police,City of London Police,-0.090348,51.519358,On or near MOOR LANE,E01000002,City of London 001B,Investigation complete; no suspect identified
616473b96f73b2a612d1f186a492a26f3e078ff4ed82a9df6536aa4601e1bc06,2015-10,City of London Police,City of London Police,-0.077649,51.512181,On or near NORTHUMBERLAND ALLEY,E01032739,City of London 001F,Investigation complete; no suspect identified
83715c10608b77be483e8e99557d1a8f020efc968002a19b1c49f09323c121e6,2015-10,City of London Police,City of London Police,-0.112039,51.514547,On or near BELL YARD,E01004735,Westminster 018B,Investigation complete; no suspect identified
c173ee41d8d65f8f4b77bbcc514a47f6e27b989495113573ed542aa1f3f81f6b,2015-10,City of London Police,City of London Police,-0.084199,51.513394,On or near CORNHILL,E01032739,City of London 001F,Investigation complete; no suspect identified
23ae9977706460023261e07d2a01d63bc9db73a8e8cfdeac55dc1947cd2f853b,2015-10,City of London Police,City of London Police,-0.100179,51.514158,On or near Shopping Area,E01032739,City of London 001F,Investigation complete; no suspect identified
af8adb2e80715b9c547619cc29cc3e31073e9ea1e04b91a5de54831f86cc6fd3,2015-10,City of London Police,City of London Police,-0.084095,51.516900,On or near NEW BROAD STREET,E01032739,City of London 001F,Investigation complete; no suspect identified
e37fca57eacc9ebe58c99c9a0ac258155807269e71283f1cf2279f955358f79e,2015-10,City of London Police,City of London Police,,,No location,,,Investigation complete; no suspect identified
60bed77e33906edd7767a2c54912e2c4752855ac3602cff2fd1ac972eb7b7f3a,2015-10,City of London Police,City of London Police,-0.107147,51.517130,On or near ST ANDREW STREET,E01032740,City of London 001G,Unable to prosecute suspect
c29caba0113bb68aa0f5159686c8eb553d924f0e438ac0b732895b9cdd3ce6c5,2015-10,City of London Police,City of London Police,-0.094758,51.512829,On or near Nightclub,E01032739,City of London 001F,Formal action is not in the public interest
1f7991e1a107bad3261adf58d9d0da828629ad1715c7fa7bd329b0157e7bd6b9,2015-10,City of London Police,City of London Police,-0.082571,51.514753,On or near GREAT ST HELEN'S,E01032739,City of London 001F,Investigation complete; no suspect identified
bf3f5f4ff83493c416259e54ce4855472111aeecd8d653bc4473989766f9c775,2015-10,City of London Police,City of London Police,-0.096114,51.520747,On or near Park/Open Space,E01000003,City of London 001C,Investigation complete; no suspect identified
41487501b13fb94d882ca86775aae09ebcf14287f7ac0ffc4e1bc5794756f849,2015-10,City of London Police,City of London Police,-0.097601,51.520699,On or near CARTHUSIAN STREET,E01000001,City of London 001A,Investigation complete; no suspect identified
55dd7a227b8833b8d24c640cebb232ec0c5178971f762630253cddc96dbae9e8,2015-10,City of London Police,City of London Police,-0.093465,51.514463,On or near RUSSIA ROW,E01032739,City of London 001F,Investigation complete; no suspect identified
709248e666d5ede469fdb7fd428156720174e29a68f78238e132fb650b8653b8,2015-10,City of London Police,City of London Police,-0.079786,51.517576,On or near Police Station,E01032739,City of London 001F,Investigation complete; no suspect identified
81ae53c75636652a18a25f8c3afeae89fc55f6e2c2e3d41f2678e24cae48bac5,2015-10,City of London Police,City of London Police,-0.093558,51.516703,On or near Police Station,E01000002,City of London 001B,Investigation complete; no suspect identified
64f5a3ee0fd64b76af50f2ed3592972e5b504e04d1f69e1f48198aa75f837fb7,2015-10,City of London Police,City of London Police,0.425673,51.503767,On or near MUCKING WHARF ROAD,E01015992,Thurrock 005C,Investigation complete; no suspect identified
fb13f826f170f5d8903e8d1db4451a1e70bf83ea456e79d9ad7ffcc33590fad5,2015-10,City of London Police,City of London Police,-0.096561,51.514513,On or near CHEAPSIDE,E01032739,City of London 001F,Investigation complete; no suspect identified
41d8539097927325b6ad7308081f83e819233fa28d3e66fc1228bd8452511050,2015-10,City of London Police,City of London Police,-0.077578,51.510795,On or near PEPYS STREET,E01032739,City of London 001F,Investigation complete; no suspect identified
1a429c9761c29ab82b2edd2cd85292a9c5b7e363f9cded378b04ad4c45c59da5,2015-10,City of London Police,City of London Police,-0.097645,51.515142,On or near ST MARTIN'S LE GRAND,E01032739,City of London 001F,Investigation complete; no suspect identified
5dfa871e03c022813f17b82e569c6c17caa689c1695ebd3bb3e6bbfd4c825fd9,2015-10,City of London Police,City of London Police,-0.101073,51.513453,On or near CREED LANE,E01032739,City of London 001F,Investigation complete; no suspect identified
65965837311d9079546719ff0fdf03640eedb7927eaa7b7b0a600f72fa4813e8,2015-10,City of London Police,City of London Police,-0.100179,51.514158,On or near Shopping Area,E01032739,City of London 001F,Investigation complete; no suspect identified
b351e832f24464c020271b292d22987ff57d122b14201d21578b584ca8438c2e,2015-10,City of London Police,City of London Police,-0.077029,51.510148,On or near TRINITY SQUARE,E01004293,Tower Hamlets 027B,Investigation complete; no suspect identified
1f796f3b34cd2f1ac7f22e7e4f05893340e31b1b8a919d012886ef5b9f2f797b,2015-10,City of London Police,City of London Police,-0.104621,51.512692,On or near Supermarket,E01032740,City of London 001G,Investigation complete; no suspect identified
759d2c0220d477247ccdccf079bea5846b6804f7440559a346bbbd769459f182,2015-10,City of London Police,City of London Police,-0.084618,51.512682,On or near GRACECHURCH STREET,E01032739,City of London 001F,Investigation complete; no suspect identified
28b3840d617ab36e644df9a73e42cdc1652fc098fc5a6d8001a04938ba2b147f,2015-10,City of London Police,City of London Police,-0.103280,51.514109,On or near LUDGATE HILL,E01032740,City of London 001G,Investigation complete; no suspect identified
82ac7a18b6d28ede27d8dd13d36db5134a2a106b17bbdef3b8eefdb2128f7582,2015-10,City of London Police,City of London Police,-0.092865,51.510182,On or near Parking Area,E01032739,City of London 001F,Investigation complete; no suspect identified
0f4695dc9ba4c5afb558e74fad3fa11774be33d8198789527b92d73b74844558,2015-10,City of London Police,City of London Police,-0.101575,51.513857,On or near LUDGATE HILL,E01032739,City of London 001F,Investigation complete; no suspect identified
9909b8c870f7311d8feeab9a3a236b5d22121a23c441dbcc3996cfff14b935a6,2015-10,City of London Police,City of London Police,-0.104281,51.516032,On or near BEAR ALLEY,E01032740,City of London 001G,Investigation complete; no suspect identified
5d45aa62ffc560e3664d9378506abb25991b6402d3d9c21d2c5f04fc45fa5141,2015-10,City of London Police,City of London Police,-0.097562,51.518864,On or near Parking Area,E01000001,City of London 001A,Investigation complete; no suspect identified
f511b432c09d2a51e9f91da0958321031517c088ba8cd924023919f5d74af941,2015-10,City of London Police,City of London Police,-0.093933,51.519812,On or near Conference/Exhibition Centre,E01000002,City of London 001B,Unable to prosecute suspect
033d6e242fdcfe17d38fbd1683b752fb7ea09bbb77dd4fb8662cb1264915eb83,2015-10,City of London Police,City of London Police,-0.108283,51.517526,On or near Supermarket,E01032740,City of London 001G,Investigation complete; no suspect identified
62c0e65a6b1381bf077e03a7c750f63a6b47ccac607cf98b47d583ca164119e0,2015-10,City of London Police,City of London Police,-0.097277,51.515307,On or near ST MARTIN'S LE GRAND,E01000001,City of London 001A,Investigation complete; no suspect identified
a5a80cd7899093638600528c741e853bae5b081688895b39a0a9a05c16144eaf,2015-10,City of London Police,City of London Police,-0.110592,51.516062,On or near BREAM'S BUILDINGS,E01032740,City of London 001G,Investigation complete; no suspect identified
3a048fa0009348d1696d8b371440c052ad8a13df50e7e1293b6994c9a948ef6f,2015-10,City of London Police,City of London Police,-0.094468,51.521853,On or near GOLDEN LANE,E01000003,City of London 001C,Investigation complete; no suspect identified
037fdd2c953eb7ac6fb30642a3c171515957fbac486c11cb57b59354a893e861,2015-10,City of London Police,City of London Police,-0.096643,51.512545,On or near DISTAFF LANE,E01032739,City of London 001F,Investigation complete; no suspect identified
10789b7765de37017c48ef523e4720a2f8420cacd9e7fcf4c7431fbf0aa7b470,2015-10,City of London Police,City of London Police,-0.092517,51.520580,On or near WHITECROSS STREET,E01000002,City of London 001B,Investigation complete; no suspect identified
8091158e369f482fa6866b116daf34f4e3f6b68b2f9cd92b8121664ba19f1d73,2015-10,City of London Police,City of London Police,-0.078856,51.518433,On or near ARTILLERY LANE,E01032739,City of London 001F,Investigation complete; no suspect identified
0eac7d0a5e389c8fd0adfd1bbacb9cc84a31b18c86fa79f1066e6a21154a7557,2015-10,City of London Police,City of London Police,-0.109647,51.514887,On or near FETTER LANE,E01032740,City of London 001G,Investigation complete; no suspect identified
85e8337c2a4b18ae669bb5b28d98032c9e2b83c4340082eeea0555c5861a2a3d,2015-10,City of London Police,City of London Police,-0.078994,51.514137,On or near HENEAGE PLACE,E01032739,City of London 001F,Unable to prosecute suspect
326522437a342f1f0ef7201c822c6ef0f44a42f29afff9b58d89a272a46785bc,2015-10,City of London Police,City of London Police,-0.084053,51.521674,On or near DYSART STREET,E01033708,Hackney 027G,Investigation complete; no suspect identified
b3b86372a51d018c0cfc3792fcc53e108d7ee8501efc2bbe4dfe2e6aec014be7,2015-10,City of London Police,City of London Police,-0.098138,51.520609,On or near CARTHUSIAN STREET,E01033490,Islington 022H,Investigation complete; no suspect identified
4d6ba1cd7ce640e2a206ef6d32296a0676400ce15f6547d88c4b621f5c25ba47,2015-10,City of London Police,City of London Police,-0.079448,51.511554,On or near FENCHURCH PLACE,E01032739,City of London 001F,Investigation complete; no suspect identified
3fad59efd28f60d0e4669a6749220a678af91ade0f71c38096e65a8507ce5542,2015-10,City of London Police,City of London Police,-0.088621,51.518619,On or near MOORFIELDS,E01000002,City of London 001B,Investigation complete; no suspect identified
33cdbd2f3b5adbf997d4e4f7adf997819170e57875bbbc3954dbcc238dd40487,2015-10,City of London Police,City of London Police,-0.104621,51.512692,On or near Supermarket,E01032740,City of London 001G,Investigation complete; no suspect identified
1ad7a8846d7e8db39d4c48bff442028ac1ed3214febd7307f1d3009d9d61c863,2015-10,City of London Police,City of London Police,-0.077451,51.515523,On or near WHITE KENNETT STREET,E01000005,City of London 001E,Investigation complete; no suspect identified
ecae944a06ad23939f225d7f1c8a625ada5516ce240c90020fbf0179354f5460,2015-10,City of London Police,City of London Police,-0.087118,51.513199,On or near Nightclub,E01032739,City of London 001F,Investigation complete; no suspect identified
4f1a80aafa637f5e6a82dddac41dd0a960792986d77ef25f27d6670de2423f0f,2015-10,City of London Police,City of London Police,-0.096363,51.513377,On or near NEW CHANGE,E01032739,City of London 001F,Investigation complete; no suspect identified
5debc3b05aebb0dbdcd0721ad530d0d274f2e9973b664172f42fdf14bc66dd30,2015-10,City of London Police,City of London Police,-0.093057,51.520085,On or near Theatre/Concert Hall,E01000002,City of London 001B,Investigation complete; no suspect identified
4783a1ce8092ebc16898153d79f66d2159ee5a835d95ffceffdd2bc00dc4b18c,2015-10,City of London Police,City of London Police,-0.100202,51.513268,On or near DEAN'S COURT,E01032739,City of London 001F,Investigation complete; no suspect identified
2b1aac933dcbebf02816c6fd7eda9f7bd8a0338fc2aac63e2709f6e0f2c4d018,2015-10,City of London Police,City of London Police,-0.107148,51.511879,On or near TALLIS STREET,E01032740,City of London 001G,Investigation complete; no suspect identified
7f985b53066296e29985a4cd5479f5d78427270cf45e515f05b4000471cf92f0,2015-10,City of London Police,City of London Police,-0.091649,51.518938,On or near Park/Open Space,E01000002,City of London 001B,Unable to prosecute suspect
bc636047700e7b48433f0de47a1e87f796f17d2fb09afa4a80348364793a236b,2015-10,City of London Police,City of London Police,-0.093465,51.514463,On or near RUSSIA ROW,E01032739,City of London 001F,Investigation complete; no suspect identified
acfdd5b311652d04a53001af55eebdd10a159b1089f849b0a41f2805f8f833b9,2015-10,City of London Police,City of London Police,-0.108283,51.517526,On or near Supermarket,E01032740,City of London 001G,Investigation complete; no suspect identified
194c3fcc30910b09abc8740f92e3257aa16388f1c3978ab738bd0a730b1d4e9d,2015-10,City of London Police,City of London Police,-0.086272,51.513114,On or near BIRCHIN LANE,E01032739,City of London 001F,Investigation complete; no suspect identified
cd7f3cf77ae1ff18252c1b9e72f3b87876a5204a9b1999150dd4c58a79273383,2015-10,City of London Police,City of London Police,-0.083079,51.511578,On or near FENCHURCH STREET,E01032739,City of London 001F,Investigation complete; no suspect identified
f073ce22f321fbeaea954ec5b1eb6349df05318c29e433aea9594570c7aa528f,2015-10,City of London Police,City of London Police,,,No location,,,Investigation complete; no suspect identified
cbcdaa98e6590fb8c15c2f0a213b9b0953452b5f08a657731c7664b2b706773b,2015-10,City of London Police,City of London Police,-0.083079,51.511578,On or near FENCHURCH STREET,E01032739,City of London 001F,Investigation complete; no suspect identified
f7058e4d34841527b44cb04c23e4d235a2fe66a3dde7419e0e371c80709a6fd9,2015-10,City of London Police,City of London Police,-0.077637,51.511453,On or near CRUTCHED FRIARS,E01032739,City of London 001F,Investigation complete; no suspect identified
918cb97be9927f8f6605749d94b7f6720b34d14bebdd10f5e3dd09ccdcef5e1a,2015-10,City of London Police,City of London Police,-0.079786,51.517576,On or near Police Station,E01032739,City of London 001F,Unable to prosecute suspect
fe8d945c133e4f740859acc011bf78171463ea66155a32e225ed7879372a0348,2015-10,City of London Police,City of London Police,-0.098500,51.519526,On or near MIDDLE STREET,E01032740,City of London 001G,Investigation complete; no suspect identified
ef7744a3035024bdfaf9cf9a8d5e8aec2816ae5dbe82fc76fb05124de11bc94c,2015-10,City of London Police,City of London Police,-0.104252,51.516733,On or near Supermarket,E01032740,City of London 001G,Investigation complete; no suspect identified
d45425b5158c3c7c40691042c7bdbe39274b9812d93eec5838c9cb6a12de5272,2015-10,City of London Police,City of London Police,-0.104909,51.517912,On or near Parking Area,E01032740,City of London 001G,Investigation complete; no suspect identified
32ce7341ab428bf05edb4f2ef0a3564041c33a1f372f8cb207cf68a05af560e9,2015-10,City of London Police,City of London Police,-0.080146,51.514848,On or near BURY COURT,E01032739,City of London 001F,Investigation complete; no suspect identified
6a3de6c825c7665bbf70219c50b61ee375421831f70a14812282d0519880f2e3,2015-10,City of London Police,City of London Police,-0.079613,51.517231,On or near NEW STREET,E01032739,City of London 001F,Investigation complete; no suspect identified
a53562fc3d11b243e9e21102d56977c6f1ca243dfd59c3618ebad7204c0c4d3d,2015-10,City of London Police,City of London Police,-0.097053,51.518262,On or near ALDERSGATE STREET,E01000001,City of London 001A,Investigation complete; no suspect identified
c2e2fd8953f4294520ab183647fdf6919000d9014926859d5844b6b8a6bd92c3,2015-10,City of London Police,City of London Police,-0.096643,51.512545,On or near DISTAFF LANE,E01032739,City of London 001F,Unable to prosecute suspect
d0be9e679889a2b355e28a8a6b8c147bcdea6e959cfb1e04e6c14899b1f40167,2015-10,City of London Police,City of London Police,-0.083645,51.512504,On or near LIME STREET PASSAGE,E01032739,City of London 001F,Investigation complete; no suspect identified
408f846b7f186274fd4b3845fb126aae9e9d0a0f782299ce2c91145c60c0722f,2015-10,City of London Police,City of London Police,-0.080034,51.513389,On or near LEADENHALL STREET,E01032739,City of London 001F,Investigation complete; no suspect identified
b56f0a65dcf39b29bc28d9e01e14e4ddd0530cbe73feb6bdfaa99d1eb6918dfd,2015-10,City of London Police,City of London Police,-0.093933,51.519812,On or near Conference/Exhibition Centre,E01000002,City of London 001B,Unable to prosecute suspect
ab69408553cba9a24f78152bb4a86dfa62f066582e28a0bccadad75539cc29e7,2015-10,City of London Police,City of London Police,-0.082628,51.518189,On or near SUN STREET PASSAGE,E01032739,City of London 001F,Investigation complete; no suspect identified
9bd6cdb6b9fe43e3b8d70433079721fe28c38040fd9cb5f12d6db7b4abb1e131,2015-10,City of London Police,City of London Police,-0.078308,51.518091,On or near WIDEGATE STREET,E01032739,City of London 001F,Investigation complete; no suspect identified
34761cfa4e51b5d862d995f1fa5496125c29ecf83ab521c45619fcb33f1b6603,2015-10,City of London Police,City of London Police,-0.074958,51.514151,On or near ALDGATE HIGH STREET,E01000005,City of London 001E,Investigation complete; no suspect identified
1bf44757126a9ba00c345ce097d3e37e0addb78ce90b212e111428331c7ce239,2015-10,City of London Police,City of London Police,-0.096363,51.513377,On or near NEW CHANGE,E01032739,City of London 001F,Investigation complete; no suspect identified
edba39917edf003be7dfad63672290233becb57069eb08d1ff06c6f0185d86b5,2015-10,City of London Police,City of London Police,-0.077224,51.516122,On or near Shopping Area,E01000005,City of London 001E,Investigation complete; no suspect identified
35f3830599b1b78f3db36e80098b3f5474d9ad66a6a4634bce9c3ed56f7294cd,2015-10,City of London Police,City of London Police,-0.085173,51.518680,On or near FINSBURY AVENUE,E01032739,City of London 001F,Investigation complete; no suspect identified
d4fba79a11f2443d9cefa8898e0c040cc1034db09ad68a0a9b0f3cd906e02750,2015-10,City of London Police,City of London Police,-0.088621,51.518619,On or near MOORFIELDS,E01000002,City of London 001B,Unable to prosecute suspect
36e0f4d3c94de719a2e5a912b7da551e42f99913e6c10d1700279e50a66ec834,2015-10,City of London Police,City of London Police,-0.083993,51.511440,On or near PHILPOT LANE,E01032739,City of London 001F,Unable to prosecute suspect
970cbd65a12ee158f4ebce150e6eacec16089f7190ad0a1c6f0ef69236ae043c,2015-10,City of London Police,City of London Police,-0.084701,51.509320,On or near LOWER THAMES STREET,E01032739,City of London 001F,Investigation complete; no suspect identified
18ca951683f030e3b6e2139007d0a0ae2aee5b46ec6a3aa4babc2a5b7c6a2419,2015-10,City of London Police,City of London Police,-0.095484,51.515467,On or near GUTTER LANE,E01000002,City of London 001B,Investigation complete; no suspect identified
15597be0239488d2cfe64e472128a23c5cf0af335c3207ef038f212f1b72fe52,2015-10,City of London Police,City of London Police,-0.111599,51.524126,On or near MOUNT PLEASANT,E01002726,Islington 022F,Unable to prosecute suspect
e280a0c232485cfbca188bb34250329c6b5753b35cb7b7c92e32b342e767cc5a,2015-10,City of London Police,City of London Police,-0.102721,51.515404,On or near ST GEORGES'S COURT,E01032740,City of London 001G,Investigation complete; no suspect identified
004a62e1a2c9de7b9001781ff91175cb3873d7204b6647e329450576e5cb7153,2015-10,City of London Police,City of London Police,-0.102721,51.515404,On or near ST GEORGES'S COURT,E01032740,City of London 001G,Investigation complete; no suspect identified
bea73dbbd21f6de2ffe92e29dd249baa48d1ca8dc8b1d590c9890aff6c0dd5b9,2015-10,City of London Police,City of London Police,-0.083695,51.512352,On or near LIME STREET PASSAGE,E01032739,City of London 001F,Investigation complete; no suspect identified
ed6a02b35a236f41ed392fe6b95361eabc46658064de5d01a0b61281d5d918d2,2015-10,City of London Police,City of London Police,-0.098572,51.516767,On or near KING EDWARD STREET,E01000001,City of London 001A,Investigation complete; no suspect identified
e27e7bf91faba96030ad36a10e433d20dd65ff76c160be3e01a7612860788d6a,2015-10,City of London Police,City of London Police,-0.085149,51.517196,On or near BLOMFIELD STREET,E01032739,City of London 001F,Investigation complete; no suspect identified
67d07e76551ad806a447c4cd3de492da35dc5bfd02452952cef6b807a345af82,2015-10,City of London Police,City of London Police,-0.085149,51.517196,On or near BLOMFIELD STREET,E01032739,City of London 001F,Investigation complete; no suspect identified
b7e8f8afd7aa7d5f88b008a332a7b804a955c715094e0f342577c54b0d275694,2015-10,City of London Police,City of London Police,-0.087760,51.517149,On or near LONDON WALL,E01032739,City of London 001F,Investigation complete; no suspect identified
5acc1a564b96e28b78c235e994fa95e40fe4071c59f83a0e918472969e06099d,2015-10,City of London Police,City of London Police,-0.076044,51.512650,On or near INDIA STREET,E01000005,City of London 001E,Formal action is not in the public interest
042d2b35a02acd89dd4ea7a8ec23a98ddd71caa82ba9561862b24d545e2f4300,2015-10,City of London Police,City of London Police,-0.096075,51.514766,On or near FOSTER LANE,E01032739,City of London 001F,Investigation complete; no suspect identified
04917bfd6d16a7a556c763830a8dfe3b0e27db4a610912b959cec3f0775eabd3,2015-10,City of London Police,City of London Police,-0.082571,51.514753,On or near GREAT ST HELEN'S,E01032739,City of London 001F,Investigation complete; no suspect identified
201486d92306450ff738189d86f3a5eb677f0e6b91ac960217dbae5a6b69ea72,2015-10,City of London Police,City of London Police,-0.093257,51.513920,On or near BOW LANE,E01032739,City of London 001F,Investigation complete; no suspect identified
f2c8697a32f20622c3e49853f1abf3c28539039c4b4220551842cdc76dda66a2,2015-10,City of London Police,City of London Police,-0.106680,51.515882,On or near Parking Area,E01032740,City of London 001G,Investigation complete; no suspect identified
bab8609c9440eb01605b1c769f03b6403dd78f74622ae8fe4fe439d9380f0058,2015-10,City of London Police,City of London Police,-0.089582,51.511495,On or near CANNON STREET,E01032739,City of London 001F,Investigation complete; no suspect identified
4a593bcef8fa1c3be02c1f8da3ca010ab2481e8dc727f7d53b064783b47f8f86,2015-10,City of London Police,City of London Police,-0.082571,51.514753,On or near GREAT ST HELEN'S,E01032739,City of London 001F,Investigation complete; no suspect identified
d5a36feebfd79da42c5ae6916075bff7a7b315d01dd564bf1a333e2c8310c722,2015-10,City of London Police,City of London Police,-0.099436,51.519901,On or near HAYNE STREET,E01032740,City of London 001G,Investigation complete; no suspect identified
1e5f5b4ab2f8edf433996bea63ed99b51a9f0d779349f770e37866270f57fd88,2015-10,City of London Police,City of London Police,-0.096561,51.514513,On or near CHEAPSIDE,E01032739,City of London 001F,Investigation complete; no suspect identified
959a500a614d38e3adc63125cce3002504921fcf1efd676e8bab1b32264e7623,2015-10,City of London Police,City of London Police,-0.079613,51.517231,On or near NEW STREET,E01032739,City of London 001F,Investigation complete; no suspect identified
5ab43111020c97a3cacfbe87ab9a8baedb30081cc27e0f88cd17a0479e351cb8,2015-10,City of London Police,City of London Police,-0.102412,51.517297,On or near COCK LANE,E01032740,City of London 001G,Investigation complete; no suspect identified
1d45312da3b71135a2c8347a43292327fb12e7a953e519bca4e1fb6710c0cac3,2015-10,City of London Police,City of London Police,-0.107910,51.515047,On or near GOUGH SQUARE,E01032740,City of London 001G,Investigation complete; no suspect identified
a0238e3c5704edea271b1da671f7d87e533162c8389a8030aa302b24eb721b2e,2015-10,City of London Police,City of London Police,-0.106680,51.515882,On or near Parking Area,E01032740,City of London 001G,Investigation complete; no suspect identified
d1d7174f910360037203e160ef4e01440308881ea70352187d8516bae103724e,2015-10,City of London Police,City of London Police,-0.084105,51.515281,On or near Conference/Exhibition Centre,E01032739,City of London 001F,Unable to prosecute suspect
cab55823fd368a93c87bc0099482d54de67f4b3174f433de7ece9836f7642552,2015-10,City of London Police,City of London Police,-0.084199,51.513394,On or near CORNHILL,E01032739,City of London 001F,Unable to prosecute suspect
5d9b714138e916cfe160217bee71b9494ee469a0489c5dc615e66f9008fcca41,2015-10,City of London Police,City of London Police,,,No location,,,Formal action is not in the public interest
f0181b7dba7ab58c54313d5cf7db369f3e3d87c3f58cb2da2d8967dc5de4c5c5,2015-10,City of London Police,City of London Police,-0.105134,51.513869,On or near BRIDE LANE,E01032740,City of London 001G,Unable to prosecute suspect
8774c45ef7c908f69f03c21e5d5f2f11af1668feb912094614028f4e962ce83f,2015-10,City of London Police,City of London Police,-0.083296,51.517058,On or near OLD BROAD STREET,E01032739,City of London 001F,Investigation complete; no suspect identified
a4041bc29124391002e2a6f51ec24bf0cbf3ffa87a84f5cb99f22bf394ca5e1d,2015-10,City of London Police,City of London Police,-0.095377,51.520789,On or near BRIDGEWATER STREET,E01000003,City of London 001C,Investigation complete; no suspect identified
5f5fa3c4a8affaf31847c86911af8dd8e05c1a6f2e0cf42ad8ae4eea81a6a2ec,2015-10,City of London Police,City of London Police,-0.076270,51.515504,On or near GRAVEL LANE,E01000005,City of London 001E,Unable to prosecute suspect
32c03af196a82a38447d5d8db5637159a05b15662864af3ab76f897179255c4e,2015-10,City of London Police,City of London Police,-0.100884,51.516966,On or near Hospital,E01032740,City of London 001G,Investigation complete; no suspect identified
da583465078152c9b73f40242f0d9d3bdf2505517db0805fba52716fd0f38e23,2015-10,City of London Police,City of London Police,-0.102721,51.515404,On or near ST GEORGES'S COURT,E01032740,City of London 001G,Investigation complete; no suspect identified
f89a95f07ada24b34f78ba3c07bb617b0514a82cfe478517c98d404e7d73fa5c,2015-10,City of London Police,City of London Police,-0.104134,51.514699,On or near OLD SEACOAL LANE,E01032740,City of London 001G,Investigation complete; no suspect identified
984a08fbd0a99532bc2d3d48980dc37722afaea7de9e707e19284e6e027226c3,2015-10,City of London Police,City of London Police,-0.084967,51.512598,On or near BELL INN YARD,E01032739,City of London 001F,Unable to prosecute suspect
822e365884490c823897483b00447b06798768470d391f9b566dcbcd4610217e,2015-10,City of London Police,City of London Police,-0.105134,51.513869,On or near BRIDE LANE,E01032740,City of London 001G,Unable to prosecute suspect
3a0525234ffc47cf491bbbc0c77b36b79ec061ef902da7dd6fea85bb950b4c77,2015-10,City of London Police,City of London Police,-0.081938,51.513007,On or near LIME STREET,E01032739,City of London 001F,Investigation complete; no suspect identified
58c81b4a20f90721125655957a3d2385bdeb8379e489ec0362a57f2e5a31987d,2015-10,City of London Police,City of London Police,-0.106922,51.514204,On or near FLEET STREET,E01032740,City of London 001G,Investigation complete; no suspect identified
9a0a26cf95e1fcde3bbb31c76a7f3703a2bd6b25bc8bec42148c6c0d64082db9,2015-10,City of London Police,City of London Police,-0.093257,51.513920,On or near BOW LANE,E01032739,City of London 001F,Unable to prosecute suspect
c3a58af085c96c626608412c2cb56be588d40e3a83f249029ef7c1bb526022c6,2015-10,City of London Police,City of London Police,-0.112519,51.517568,On or near SOUTHAMPTON BUILDINGS,E01032740,City of London 001G,Unable to prosecute suspect
392debb2d8026d8ed7cc6d35d642497fe51d8c51399e643a3c290cb51f11ac2f,2015-10,City of London Police,City of London Police,-0.112519,51.517568,On or near SOUTHAMPTON BUILDINGS,E01032740,City of London 001G,Unable to prosecute suspect
5b53371ab4e159d12f451a6afd1cbcaa55d065a6f02554e65e42f40eadb1088a,2015-10,City of London Police,City of London Police,-0.084618,51.512682,On or near GRACECHURCH STREET,E01032739,City of London 001F,Investigation complete; no suspect identified
5f4850e2a53d0ef23dd1ea4b72fe65ffcd7f8e91f707fc270818029a23c1b5e1,2015-10,City of London Police,City of London Police,-0.075389,51.511775,On or near MINORIES,E01000005,City of London 001E,Formal action is not in the public interest
5b55c998d54dc0ae7247857b84ab67c506d820f0215c201c58a96497a12fa99c,2015-10,City of London Police,City of London Police,-0.108283,51.517526,On or near Supermarket,E01032740,City of London 001G,Offender given a drugs possession warning
a24594a057516f015627501025457a87812f481f66bdaa046876a8635523d446,2015-10,City of London Police,City of London Police,-0.074330,51.513647,On or near LITTLE SOMERSET STREET,E01000005,City of London 001E,Offender given a drugs possession warning
5812a04ffb5ae73c6c1d2f0ab0057597e2d4ab4cd1933a70236485fc3da5db25,2015-10,City of London Police,City of London Police,-0.084967,51.512598,On or near BELL INN YARD,E01032739,City of London 001F,Offender given a caution
49982596dd0f5ac06209f8612b9b638ee4bb0111d2dfc60e2f70e456115c007b,2015-10,City of London Police,City of London Police,-0.086416,51.516191,On or near THROGMORTON AVENUE,E01032739,City of London 001F,Offender given a caution
b5061f942302a4c6ac29af34c688cbff57cc44c6235d624e7521301d2f827e5f,2015-10,City of London Police,City of London Police,-0.091108,51.511529,On or near CLOAK LANE,E01032739,City of London 001F,Offender given a caution
c14da748921daf6fb4e8d44074b745d6aa72a411cc15f20c016a41c66f953071,2015-10,City of London Police,City of London Police,-0.087666,51.511122,On or near CANNON STREET,E01032739,City of London 001F,Offender given a caution
db645a4cdd958cf5695e5b93fa2b5d9ced31cd9b2c865fca67d1d5f37a642242,2015-10,City of London Police,City of London Police,-0.087666,51.511122,On or near CANNON STREET,E01032739,City of London 001F,Offender given a caution
3ca041061ab8b239a8bc8edf4184167bdf440d2e6295878dee2b583570dbfc88,2015-10,City of London Police,City of London Police,-0.077300,51.512607,On or near CARLISLE AVENUE,E01032739,City of London 001F,Offender given a caution
14d0fc0c38e9f6d97cbf29a4396fd4d7f30ca97242450f57979d2cbb6a632a1c,2015-10,City of London Police,City of London Police,-0.082571,51.514753,On or near GREAT ST HELEN'S,E01032739,City of London 001F,Offender given a drugs possession warning
d61563a9da0603712c0b5f5d2b8a82ad5b69cc1e83559df0dd2858a5c95c39e9,2015-10,City of London Police,City of London Police,-0.105134,51.513869,On or near BRIDE LANE,E01032740,City of London 001G,Offender given a caution
f215e23e95837323ae18e592269f4a85884e485e8376746601899103e9958e42,2015-10,City of London Police,City of London Police,-0.094464,51.512959,On or near WATLING COURT,E01032739,City of London 001F,Offender given a caution
637c1e28b131a8df0ebf2f0ac3241afb711b0a1065687a52697bc2110c969e79,2015-10,City of London Police,City of London Police,-0.075389,51.511775,On or near MINORIES,E01000005,City of London 001E,Offender given a caution
55a651d099d31c43f1c70c04b49f2feb3f699f08f93be20ed93363ab3da5fbb8,2015-10,City of London Police,City of London Police,-0.107147,51.517130,On or near ST ANDREW STREET,E01032740,City of London 001G,Local resolution
a7151ad8fcd0757d6097403831ca005af2380b00dfc2ff12a36e54088a4ccd5f,2015-10,City of London Police,City of London Police,-0.085086,51.515621,On or near AUSTIN FRIARS SQUARE,E01032739,City of London 001F,Suspect charged as part of another case
203caa2c791fa5ebbf420a04fbcf1f6975fa0b0f3c541b2a681034a359601bdd,2015-10,City of London Police,City of London Police,-0.096363,51.513377,On or near NEW CHANGE,E01032739,City of London 001F,Offender given penalty notice
f2086cd9336376c532be0ed43d179bf4177927f4e14ea430295edc8450de88bd,2015-10,City of London Police,City of London Police,-0.079613,51.517231,On or near NEW STREET,E01032739,City of London 001F,Suspect charged
a101174645c95519c4e8bf46edcbc72b6f269967583517121f1db7aab4d6fa53,2015-10,City of London Police,City of London Police,-0.100179,51.514158,On or near Shopping Area,E01032739,City of London 001F,Suspect charged
73b2b9f79c9244e3016a5fd15abe5820b82d6c19cc19d7203d4b4ee598c6f55e,2015-10,City of London Police,City of London Police,-0.078718,51.521038,On or near NORTON FOLGATE,E01004307,Tower Hamlets 015B,Suspect charged
e940d4997bddd4ce702cc97c6c903f0a6d56ec53d71892fe4086bfae96eacc03,2015-10,City of London Police,City of London Police,-0.109647,51.514887,On or near FETTER LANE,E01032740,City of London 001G,Suspect charged
257509220b6a174510c7483121bde58fa7c47079af97ece588e934202653c705,2015-10,City of London Police,City of London Police,-0.086278,51.509876,On or near FISH STREET HILL,E01032739,City of London 001F,Suspect charged
900b46b8cbf6e5541ec343685b2ab0a6a7ef37e08b729ec54667627d7b0536ac,2015-10,City of London Police,City of London Police,-0.086278,51.509876,On or near FISH STREET HILL,E01032739,City of London 001F,Suspect charged
6ed1366f8a75121eed7b9780f3bfe3d6407fa64e3a2bffcf1150b851754e0b98,2015-10,City of London Police,City of London Police,-0.097334,51.521567,On or near FANN STREET,E01000001,City of London 001A,Suspect charged
6ed1366f8a75121eed7b9780f3bfe3d6407fa64e3a2bffcf1150b851754e0b98,2015-10,City of London Police,City of London Police,-0.097334,51.521567,On or near FANN STREET,E01000001,City of London 001A,Suspect charged
d8c780d2125ef0611acf1b8f0f934e7b4d34e4e145015d456830e178f77ad777,2015-10,City of London Police,City of London Police,-0.097645,51.515142,On or near ST MARTIN'S LE GRAND,E01032739,City of London 001F,Suspect charged
bbe958a5429c71fc8925b243934ded9eefd7d3a2552cdedef23463318064da11,2015-10,City of London Police,City of London Police,-0.097562,51.518864,On or near Parking Area,E01000001,City of London 001A,Suspect charged
a101174645c95519c4e8bf46edcbc72b6f269967583517121f1db7aab4d6fa53,2015-10,City of London Police,City of London Police,-0.100179,51.514158,On or near Shopping Area,E01032739,City of London 001F,Suspect charged
cb5c4405dcdc73c7e26d725996e57fa60ff566bf58c9d0f42127b9c8f4f59f8f,2015-10,City of London Police,City of London Police,-0.085257,51.511200,On or near TALBOT COURT,E01032739,City of London 001F,Suspect charged
bdd2e6a93818175a59caa0149aaeff23a7e54b8282f87b835a16acd8edcd3cef,2015-10,City of London Police,City of London Police,-0.087118,51.513199,On or near Nightclub,E01032739,City of London 001F,Suspect charged
fd152d8d0a506b22c846a149d785f2bf6651ef2bec1742c8205368979abb06a0,2015-10,City of London Police,City of London Police,-0.087118,51.513199,On or near Nightclub,E01032739,City of London 001F,Suspect charged
a71552a39d880445821ef00cffeb6ade3ec7f24e1fc6cfc2e02ca435ed9677be,2015-10,City of London Police,City of London Police,,,No location,,,Suspect charged
6f8fe31db2ed9e94dc7edaa75e9003fd4f82be524481a0b6dc747e577d263a40,2015-10,City of London Police,City of London Police,-0.074330,51.513647,On or near LITTLE SOMERSET STREET,E01000005,City of London 001E,Suspect charged
9a9db210f51bb46e1c6d76e11817efc2a3eb102b39851a8c89b482b4cecc7358,2015-10,City of London Police,City of London Police,-0.097645,51.515142,On or near ST MARTIN'S LE GRAND,E01032739,City of London 001F,Suspect charged
21a6e02bde0e47c759898afd1e3f9028e48c9ea98fbb7fc67fc46d3c4e7bb126,2015-10,City of London Police,City of London Police,-0.104252,51.516733,On or near Supermarket,E01032740,City of London 001G,Suspect charged
581605a71af4402ed5ad1b63e31fbb40de7c2a8429d08527bc1de1557146b273,2015-10,City of London Police,City of London Police,-0.083993,51.511440,On or near PHILPOT LANE,E01032739,City of London 001F,Suspect charged
cb5c4405dcdc73c7e26d725996e57fa60ff566bf58c9d0f42127b9c8f4f59f8f,2015-10,City of London Police,City of London Police,-0.085257,51.511200,On or near TALBOT COURT,E01032739,City of London 001F,Suspect charged
763360005de34c7a8b646cb6765584655a3141024ecccd8caa7bbbdb261b63ac,2015-10,City of London Police,City of London Police,-0.079786,51.517576,On or near Police Station,E01032739,City of London 001F,Suspect charged
c4065e13d6b421fc87971823085caef3acaf97740e09b8f76a10452e5cb7aa87,2015-10,City of London Police,City of London Police,-0.082571,51.514753,On or near GREAT ST HELEN'S,E01032739,City of London 001F,Suspect charged
f45dc2d1f4e43e3ec840e8c641e4f64f047c567b694a50f102f8fc0854d80d66,2015-10,City of London Police,City of London Police,-0.080782,51.514804,On or near ST MARY AXE,E01032739,City of London 001F,Suspect charged
3a7179d91653767ea6789501bda4f2b07eaa98edbaf97118b17dc9d50bdf5889,2015-10,City of London Police,City of London Police,-0.112939,51.518231,On or near SOUTHAMPTON BUILDINGS,E01032740,City of London 001G,Suspect charged
ad0fd6463061addb65b0d086c1349b89fd6b206077627fd064fb9baa61d7281c,2015-10,City of London Police,City of London Police,,,No location,,,Suspect charged
0fd3a839155f9f60ed639fe44fab8783a83b51c0f530a866b3950ac1c394db88,2015-10,City of London Police,City of London Police,-0.086278,51.509876,On or near FISH STREET HILL,E01032739,City of London 001F,Suspect charged
34fad5c3b5a7138579e18feeb9d2f97cf8f6ba8b6fe158a16b47a6a321f0434c,2015-10,City of London Police,City of London Police,-0.080376,51.517244,On or near Supermarket,E01032739,City of London 001F,Suspect charged
59130c4e9dea603c473dbc877d7b3f8586d952cd95f75f6790758eac1f49cdd2,2015-10,City of London Police,City of London Police,-0.084105,51.515281,On or near Conference/Exhibition Centre,E01032739,City of London 001F,Suspect charged
6ed1366f8a75121eed7b9780f3bfe3d6407fa64e3a2bffcf1150b851754e0b98,2015-10,City of London Police,City of London Police,-0.097334,51.521567,On or near FANN STREET,E01000001,City of London 001A,Suspect charged
0fd3a839155f9f60ed639fe44fab8783a83b51c0f530a866b3950ac1c394db88,2015-10,City of London Police,City of London Police,-0.086278,51.509876,On or near FISH STREET HILL,E01032739,City of London 001F,Suspect charged
6f8fe31db2ed9e94dc7edaa75e9003fd4f82be524481a0b6dc747e577d263a40,2015-10,City of London Police,City of London Police,-0.074330,51.513647,On or near LITTLE SOMERSET STREET,E01000005,City of London 001E,Suspect charged
6b584ce323a2043491a0d538219496c58a2324f79200ba38c9ae7a1f1ee25167,2015-10,City of London Police,City of London Police,-0.086393,51.510894,On or near EASTCHEAP,E01032739,City of London 001F,Suspect charged
00de0ef556638ee4e4755cda93bb9e5ad18b383418df69117816b1d6995ad75b,2015-10,City of London Police,City of London Police,-0.089451,51.517032,On or near Bus/Coach Station,E01032739,City of London 001F,Suspect charged
a101174645c95519c4e8bf46edcbc72b6f269967583517121f1db7aab4d6fa53,2015-10,City of London Police,City of London Police,-0.100179,51.514158,On or near Shopping Area,E01032739,City of London 001F,Suspect charged
877b23ac35301552bb772e92da73503f86ca0bbef4c62ce4f9720ef46aec66c8,2015-10,City of London Police,City of London Police,-0.086278,51.509876,On or near FISH STREET HILL,E01032739,City of London 001F,Suspect charged
e03e68881c8cac04143e87acfb70ebbf81fc008a69e26448f8b80d11faf4b997,2015-10,City of London Police,City of London Police,,,No location,,,Suspect charged
6ed1366f8a75121eed7b9780f3bfe3d6407fa64e3a2bffcf1150b851754e0b98,2015-10,City of London Police,City of London Police,-0.097334,51.521567,On or near FANN STREET,E01000001,City of London 001A,Suspect charged
87a1bc5ea18c52b8b0f210f682200723885803b17a602f2e9d74615ff63406e4,2015-10,City of London Police,City of London Police,-0.097645,51.515142,On or near ST MARTIN'S LE GRAND,E01032739,City of London 001F,Suspect charged
03488f2651f059cff0f567996080f570620f6b7204317cbcbdccc45c0854ef91,2015-10,City of London Police,City of London Police,-0.085014,51.509775,On or near MONUMENT STREET,E01032739,City of London 001F,Suspect charged
61f35bdf8a00dcc52fdf188eccb5780aaef0228df5e3f88f1c0beb6c75586057,2015-10,City of London Police,City of London Police,-0.084967,51.512598,On or near BELL INN YARD,E01032739,City of London 001F,Suspect charged
563fe8c12a255974f6a1215cab89815e330d3d14e36bf4eb8f2c19584250cc26,2015-10,City of London Police,City of London Police,-0.080376,51.517244,On or near Supermarket,E01032739,City of London 001F,Suspect charged
a101174645c95519c4e8bf46edcbc72b6f269967583517121f1db7aab4d6fa53,2015-10,City of London Police,City of London Police,-0.100179,51.514158,On or near Shopping Area,E01032739,City of London 001F,Suspect charged
eb9887197288f0a19f2443e058bd3f84f4d6c4ab0e8d3cd34e364359cf1194d0,2015-10,City of London Police,City of London Police,-0.083296,51.517058,On or near OLD BROAD STREET,E01032739,City of London 001F,Suspect charged
cce30d1ce3140fca4a52351d319932de83cf64e7252eec054a0edf5ad1e4454f,2015-10,City of London Police,City of London Police,-0.085355,51.510563,On or near PUDDING LANE,E01032739,City of London 001F,Suspect charged
a101174645c95519c4e8bf46edcbc72b6f269967583517121f1db7aab4d6fa53,2015-10,City of London Police,City of London Police,-0.100179,51.514158,On or near Shopping Area,E01032739,City of London 001F,Suspect charged
9a9db210f51bb46e1c6d76e11817efc2a3eb102b39851a8c89b482b4cecc7358,2015-10,City of London Police,City of London Police,-0.097645,51.515142,On or near ST MARTIN'S LE GRAND,E01032739,City of London 001F,Suspect charged
ae492ca94b41b2b75dd83c140a7173d898a558f47fe90bb491fd67f113255dac,2015-10,City of London Police,City of London Police,-0.074330,51.513647,On or near LITTLE SOMERSET STREET,E01000005,City of London 001E,Suspect charged
212dcae3d4533e7660e5f197d5eaa60488cd1ae762e716400625f12e5f353b59,2015-10,City of London Police,City of London Police,-0.080376,51.517244,On or near Supermarket,E01032739,City of London 001F,Suspect charged
03808ef8fcf05bf77d0e8123f9a132ff02095f503c12db4b7da75887fbee6263,2015-10,City of London Police,City of London Police,-0.097645,51.515142,On or near ST MARTIN'S LE GRAND,E01032739,City of London 001F,Suspect charged
698bed157854e65451a275f5302d83ba31088957dcd62670eb035b5f35871e91,2015-10,City of London Police,City of London Police,-0.094758,51.512829,On or near Nightclub,E01032739,City of London 001F,Investigation complete; no suspect identified
b82047fd581fb2cb6f847d76ee680d30d2aa596dde1ae2a8e833e2f2c3e19a58,2015-10,City of London Police,City of London Police,-0.090142,51.514292,On or near Conference/Exhibition Centre,E01032739,City of London 001F,Offender given a drugs possession warning
68902489c44e27d8900acc803a90480d41bf15407530d5939d66ba0a7fbfe904,2015-10,City of London Police,City of London Police,-0.087086,51.512596,On or near LOMBARD STREET,E01032739,City of London 001F,Investigation complete; no suspect identified
70ccdf1877fe4a81c4c2fa6b7e1827f0722a727d4bb664b1a5812b8cbc57b84c,2015-10,City of London Police,City of London Police,-0.086624,51.511923,On or near CLEMENT'S LANE,E01032739,City of London 001F,Offender given a caution
cf6ff55718d6faf68bf17af1dfaa780f991aa01ff2aa093441135c77238d4adb,2015-10,City of London Police,City of London Police,-0.078591,51.520290,On or near SPITAL YARD,E01004307,Tower Hamlets 015B,Offender given a caution
39aee44a8f4118f49033e47c8220e39d4c0021265f4567ece7e3d8b147a632ed,2015-10,City of London Police,City of London Police,-0.080665,51.509344,On or near Pedestrian Subway,E01032739,City of London 001F,Investigation complete; no suspect identified
ef24bb36e260fe8bcacdfb8b325e83a94589203ad3f1972f98c82149c0e9f146,2015-10,City of London Police,City of London Police,-0.088473,51.518374,On or near MOOR PLACE,E01032739,City of London 001F,Offender given a caution
05602df4556a0792b44b88302f686503dc0e77818bf24c48b1b291857f7e4a66,2015-10,City of London Police,City of London Police,-0.102668,51.513560,On or near LUDGATE BROADWAY,E01032739,City of London 001F,Investigation complete; no suspect identified
c459909358083e9fc2ec6b37365ded2de03ae49ce18538bce4f716f92a635723,2015-10,City of London Police,City of London Police,-0.081516,51.510014,On or near GREAT TOWER STREET,E01032739,City of London 001F,Investigation complete; no suspect identified
7ab56e10f8cc3a5408cda52cdea5d07210b8e5c0df2ff77425f0c2c78d0e1cef,2015-10,City of London Police,City of London Police,-0.079786,51.517576,On or near Police Station,E01032739,City of London 001F,Suspect charged
8879b461efd10488ab37e338cab59ee3b8b283580b4527d134955f70a69b9c12,2015-10,City of London Police,City of London Police,-0.074330,51.513647,On or near LITTLE SOMERSET STREET,E01000005,City of London 001E,Suspect charged
c5de780037ad4a1952958832ec259d80a8155289147edb79d176804ee1db6d7f,2015-10,City of London Police,City of London Police,-0.098777,51.512526,On or near KNIGHTRIDER STREET,E01032739,City of London 001F,Unable to prosecute suspect
430a0ccb3e83ad92762d5241eb5068f59875dd0b6f62e124c5826c82de902f5a,2015-10,City of London Police,City of London Police,-0.085355,51.510563,On or near PUDDING LANE,E01032739,City of London 001F,Offender given a caution
3454d55266e25bed6407f20fa5a826e7f4e1fda7ddc683ed8e9e38cd147e2ada,2015-10,City of London Police,City of London Police,-0.086624,51.511923,On or near CLEMENT'S LANE,E01032739,City of London 001F,Local resolution
364eace082cda3e5cfdb90375481b9ce0693c186d67d4743b822365801ce126a,2015-10,City of London Police,City of London Police,-0.095860,51.521660,On or near FANN STREET,E01000003,City of London 001C,Offender given a caution
5d3ac366ced0750542e38794b116c5d50d3e454ee96bb4f47d0b0f53888bde9a,2015-10,City of London Police,City of London Police,-0.104281,51.516032,On or near BEAR ALLEY,E01032740,City of London 001G,Suspect charged
7decb2c67fdbaf370cba9bc64fac6e66e465d12842e1d9c680dd61b00a57fc71,2015-10,City of London Police,City of London Police,-0.093933,51.519812,On or near Conference/Exhibition Centre,E01000002,City of London 001B,Investigation complete; no suspect identified
04190770b9a3fd9470ccb61623cf197bb5ee0796fa57e7d916f59a206eff54e8,2015-10,City of London Police,City of London Police,-0.084566,51.517690,On or near BLOMFIELD STREET,E01032739,City of London 001F,Investigation complete; no suspect identified
c1bdcc663fde54619d58954fe76b190ad38a574f3f0667d8f1eb1933706586ad,2015-10,City of London Police,City of London Police,-0.082913,51.513463,On or near LEADENHALL STREET,E01032739,City of London 001F,Unable to prosecute suspect
e66cb63379c68b2ffa5e87939d1139a27fde2eb85a28803614612248fe565d89,2015-10,City of London Police,City of London Police,-0.078994,51.514137,On or near HENEAGE PLACE,E01032739,City of London 001F,Investigation complete; no suspect identified
21988e550a487d5f7d29377d8604323fe42d1c380f936a40ecd936cfb1d317fb,2015-10,City of London Police,City of London Police,-0.078393,51.515728,On or near CLOTHIER STREET,E01000005,City of London 001E,Investigation complete; no suspect identified
1194dca27f689089751371ece27a9621e9a38317bd149c0aa1467482fd26aa8f,2015-10,City of London Police,City of London Police,-0.092719,51.512652,On or near QUEEN VICTORIA STREET,E01032739,City of London 001F,Investigation complete; no suspect identified
c3a2b21c23e712bca785410e9def11c6bb74fd31030ac18d30f057468910ecbd,2015-10,City of London Police,City of London Police,-0.077637,51.511453,On or near CRUTCHED FRIARS,E01032739,City of London 001F,Suspect charged
8879f6a69364fc74b90c6fe71069f93284cfa3d4f43f5dbd9675301082c99505,2015-10,City of London Police,City of London Police,-0.094758,51.512829,On or near Nightclub,E01032739,City of London 001F,Suspect charged
58051a8a52cd62e30c928f8d33e12e7531a8ac990e1b42571d8c002feeedf969,2015-10,City of London Police,City of London Police,-0.079080,51.519615,On or near BISHOPSGATE,E01004307,Tower Hamlets 015B,Offender given a drugs possession warning
82baab8d71a273649d8a420bdf1843a2627bd37f3c3197f7a316504685445eed,2015-10,City of London Police,City of London Police,-0.084095,51.516900,On or near NEW BROAD STREET,E01032739,City of London 001F,Investigation complete; no suspect identified
0b973ad805e86fce384d80daf3a202e345f7e0cd3c460311b2786f7783e305ad,2015-10,City of London Police,City of London Police,-0.084618,51.512682,On or near GRACECHURCH STREET,E01032739,City of London 001F,Offender given a caution
7012b6a25d03472d01bc0f8e4753084d2dc8a69dd2ca7e89e1634076fd12669d,2015-10,City of London Police,City of London Police,-0.078856,51.518433,On or near ARTILLERY LANE,E01032739,City of London 001F,Investigation complete; no suspect identified
4b7cf520006fd85b79d50fce30ff6d4e595fbb68d68f2e843d6159e465e31085,2015-10,City of London Police,City of London Police,-0.086278,51.509876,On or near FISH STREET HILL,E01032739,City of London 001F,Investigation complete; no suspect identified
1797822357786bee8475da41f25a15e29bec1015b7d6e7d3de7f316d315c61d5,2015-10,City of London Police,City of London Police,-0.092517,51.520580,On or near WHITECROSS STREET,E01000002,City of London 001B,Investigation complete; no suspect identified
fc792ed615553fba245fb607f138af1ec1055916ee48a019556fe7c6a72b6cda,2015-10,City of London Police,City of London Police,-0.075508,51.514763,On or near Pedestrian Subway,E01000005,City of London 001E,Investigation complete; no suspect identified
755639b9bc7cfff2900996591c5257dbf09fcfd23cae262f435355165d856df1,2015-10,City of London Police,City of London Police,-0.101575,51.513857,On or near LUDGATE HILL,E01032739,City of London 001F,Local resolution
c573773254c6c131b9ff2d2103d0eca863d58faef872d636599471f9726cd42e,2015-10,City of London Police,City of London Police,-0.100202,51.513268,On or near DEAN'S COURT,E01032739,City of London 001F,Investigation complete; no suspect identified
4b54bc0cbfdc0944df4edd41f615fedf4a5fc627d50d40f217b868f58b91ddc9,2015-10,City of London Police,City of London Police,-0.086393,51.510894,On or near EASTCHEAP,E01032739,City of London 001F,Offender given a caution
bb5f4e002de023a7a96734a282b0f13b3e1a73bbded9edbb26eaa481837b5403,2015-10,City of London Police,City of London Police,-0.101073,51.513453,On or near CREED LANE,E01032739,City of London 001F,Suspect charged
52742d01e2c4a9a184e29f107b42c97c82ced8e7c11cd498d024dd5a863df152,2015-10,City of London Police,City of London Police,-0.085014,51.509775,On or near MONUMENT STREET,E01032739,City of London 001F,Investigation complete; no suspect identified
24f8182f45d1381b2b4a4890cc1e29506429c5309ed17127ec9854961c01d264,2015-10,City of London Police,City of London Police,-0.112039,51.514547,On or near BELL YARD,E01004735,Westminster 018B,Investigation complete; no suspect identified
73e88bfd8f4e5ebafa10aee40a91b742ab19c176fb97741cfdd34f2b1a4a0392,2015-10,City of London Police,City of London Police,-0.079283,51.511021,On or near SEETHING LANE,E01032739,City of London 001F,Investigation complete; no suspect identified
2cecee459531ea878a18a8c0d821854790c58a4bc0a28f601b974f1d3cc6365d,2015-10,City of London Police,City of London Police,-0.077637,51.511453,On or near CRUTCHED FRIARS,E01032739,City of London 001F,Suspect charged
9c35b2f9c5fbada15c8f5048ecbf16e03ff93b02817676c99d72af9f660691d6,2015-10,City of London Police,City of London Police,,,No location,,,Investigation complete; no suspect identified
1b9f97f98436f1840a7010f855eb21bce1672cabd3146c3ffc71ff81220412e1,2015-10,City of London Police,City of London Police,-0.106680,51.515882,On or near Parking Area,E01032740,City of London 001G,Offender given a caution
6b1701f42981aa47aff10987c8c87e4086b827647a69738c448eb3e86be216a7,2015-10,City of London Police,City of London Police,-0.104281,51.516032,On or near BEAR ALLEY,E01032740,City of London 001G,Suspect charged
8914dcc556226629aff578d12fdfa0b0ed75120e89a2b80ae4348c3ebca6a94f,2015-10,City of London Police,City of London Police,-0.105900,51.516966,On or near PLUMTREE COURT,E01032740,City of London 001G,Offender given a caution
f28025f244c634d3fdee2655b5a18aa1b37049e1ca3100a07d11b2ce8705c999,2015-10,City of London Police,City of London Police,-0.074330,51.513647,On or near LITTLE SOMERSET STREET,E01000005,City of London 001E,Offender given penalty notice
70ccdf1877fe4a81c4c2fa6b7e1827f0722a727d4bb664b1a5812b8cbc57b84c,2015-10,City of London Police,City of London Police,-0.086624,51.511923,On or near CLEMENT'S LANE,E01032739,City of London 001F,Offender given a caution
c8e77f1cb5befe5fa149fff7230b78e55a0c733507ea3f08d273c9b5298593dc,2015-10,City of London Police,City of London Police,-0.086624,51.511923,On or near CLEMENT'S LANE,E01032739,City of London 001F,Offender given a drugs possession warning
544b2889a48dae3c6d9d7a2518273f345370df1069e6fcc6bf23297eb6c1ae08,2015-10,City of London Police,City of London Police,-0.086624,51.511923,On or near CLEMENT'S LANE,E01032739,City of London 001F,Suspect charged
f877c5d17c4c9a05f7b21ad3a7b3485bf7398c0fa0a346bb16841d40e715df9f,2015-10,City of London Police,City of London Police,-0.078856,51.518433,On or near ARTILLERY LANE,E01032739,City of London 001F,Investigation complete; no suspect identified
1ae17758d313b0f01c75a856cee6dafbe827a0104009129f854e63a053df1b10,2015-10,City of London Police,City of London Police,-0.084618,51.512682,On or near GRACECHURCH STREET,E01032739,City of London 001F,Investigation complete; no suspect identified
43eade29879f75ae34580358bf1de62f7e8d9e10dbf0ed49b4999f0873d9f5c3,2015-10,City of London Police,City of London Police,-0.102502,51.516165,On or near GREEN ARBOUR COURT,E01032740,City of London 001G,Offender given a caution
0ed187175c6ab960f2cd53cccaec1a5dd09830e055a1af2c82001673f7549e3c,2015-10,City of London Police,City of London Police,-0.086624,51.511923,On or near CLEMENT'S LANE,E01032739,City of London 001F,Suspect charged
3b7157ff7562cd1fee62bcd3cee3fdf3fd5fc4614a670da578f868aab0058666,2015-10,City of London Police,City of London Police,-0.094758,51.512829,On or near Nightclub,E01032739,City of London 001F,Offender given a caution
cd25aff4dcf82de614821fabc1b4607ccfdfeb7ecd885b4d66fa273c229a1d55,2015-10,City of London Police,City of London Police,-0.079786,51.517576,On or near Police Station,E01032739,City of London 001F,Offender given a caution
cfe86399d8765057594bfeb7592ab294a97435a6c0c7609b69cee3fa084bb6ee,2015-10,City of London Police,City of London Police,-0.088995,51.512088,On or near ST SWITHIN'S LANE,E01032739,City of London 001F,Offender given a caution
6e03427b29df4ce9243c62f3f727688c27c582ef80cd48c79ae4cad682f7553b,2015-10,City of London Police,City of London Police,-0.080376,51.517244,On or near Supermarket,E01032739,City of London 001F,Local resolution
91695cb2b5a56dd210b929a099c0cfe307a51ab6fe09d5ebad2cc070536a02ac,2015-10,City of London Police,City of London Police,-0.086624,51.511923,On or near CLEMENT'S LANE,E01032739,City of London 001F,Suspect charged
6af46caf650a09c0455735628314c0ae428cb05d5b1e892bb66a35a3d501a1de,2015-10,City of London Police,City of London Police,-0.075389,51.511775,On or near MINORIES,E01000005,City of London 001E,Defendant found not guilty
a101174645c95519c4e8bf46edcbc72b6f269967583517121f1db7aab4d6fa53,2015-10,City of London Police,City of London Police,-0.100179,51.514158,On or near Shopping Area,E01032739,City of London 001F,Offender given community sentence
9dabfb67233fcfe9e2a86653e296c4de50f0959464d7b6c4f82ab1623b5125e6,2015-10,City of London Police,City of London Police,-0.085355,51.510563,On or near PUDDING LANE,E01032739,City of London 001F,Offender sent to prison
dec6e680fd20429643af33b23ac9402acacab76ce3396fa001386c0583c6f3e3,2015-10,City of London Police,City of London Police,-0.089435,51.511223,On or near BUSH LANE,E01032739,City of London 001F,Offender otherwise dealt with
ce6e1c4368bd373ec68bdab803362481f2ce8b2456076d4598651014dfe827cc,2015-10,City of London Police,City of London Police,-0.084566,51.517690,On or near BLOMFIELD STREET,E01032739,City of London 001F,Offender fined
8a3d9c8a6c7dd10acf2ab17f49e364d2b3a49d63b7655f8cde8ccad6fb5404c3,2015-10,City of London Police,City of London Police,-0.084618,51.512682,On or near GRACECHURCH STREET,E01032739,City of London 001F,Offender given suspended prison sentence
6f6bfa2ea1487b5f38ccdee525b6f755cbddc08a038cbf87740be2dda8d593a4,2015-10,City of London Police,City of London Police,-0.080322,51.510651,On or near MARK LANE,E01032739,City of London 001F,Offender sent to prison
e0aa4c459485dfd3dfd88e4ef36f38aa32e840902b12f486a123fabd5c445634,2015-10,City of London Police,City of London Police,-0.091084,51.513830,On or near OLD JEWRY,E01032739,City of London 001F,Offender given conditional discharge
6094b4c37143e1c0c25a2039b71ffb95730bba7bd10c7f938cf3b257fb5bd117,2015-10,City of London Police,City of London Police,-0.090419,51.514917,On or near GRESHAM STREET,E01032739,City of London 001F,Offender given community sentence
ac3252d4e5d1b030eaada1c48ffab3a38dde552e1184cbe4f62ad8448be48dab,2015-10,City of London Police,City of London Police,-0.081938,51.513007,On or near LIME STREET,E01032739,City of London 001F,Defendant found not guilty
53991845ca2bca8e100246ced68ad42497d08a4b90a4c9b3f210ee080c8e4ea8,2015-10,City of London Police,City of London Police,-0.086624,51.511923,On or near CLEMENT'S LANE,E01032739,City of London 001F,Offender given community sentence
6b584ce323a2043491a0d538219496c58a2324f79200ba38c9ae7a1f1ee25167,2015-10,City of London Police,City of London Police,-0.086393,51.510894,On or near EASTCHEAP,E01032739,City of London 001F,Offender fined
1ef844250735e5855256002522129fa9865897446a5f14d0aebb6f560363892c,2015-10,City of London Police,City of London Police,-0.084618,51.512682,On or near GRACECHURCH STREET,E01032739,City of London 001F,Offender sent to prison
50d7a015c372ebe5651eb5cac7c4e5cd34ea9781044ea879eb6a44340edfbe0b,2015-10,City of London Police,City of London Police,-0.082571,51.514753,On or near GREAT ST HELEN'S,E01032739,City of London 001F,Court case unable to proceed
4cef757f678046866fa62f75e3d767ddae9e0e84c40f4f406c4ee132d2781bd8,2015-10,City of London Police,City of London Police,-0.079786,51.517576,On or near Police Station,E01032739,City of London 001F,Offender fined
05a28a3d50bf022ec22e2ab713b5b749f980e758ec564cd11b656d79d19a68a1,2015-10,City of London Police,City of London Police,-0.096363,51.513377,On or near NEW CHANGE,E01032739,City of London 001F,Defendant found not guilty
2b0d9534700c928daa81b41f4dfb807f28318588e4f5ef1b7d2ac66d29de7b97,2015-10,City of London Police,City of London Police,-0.096363,51.513377,On or near NEW CHANGE,E01032739,City of London 001F,Defendant found not guilty
00de0ef556638ee4e4755cda93bb9e5ad18b383418df69117816b1d6995ad75b,2015-10,City of London Police,City of London Police,-0.089451,51.517032,On or near Bus/Coach Station,E01032739,City of London 001F,Offender given suspended prison sentence
8e4927b85e1e994cc33e3be3268aaf7775b11800879ce9d188a2207d7867c568,2015-10,City of London Police,City of London Police,-0.084967,51.512598,On or near BELL INN YARD,E01032739,City of London 001F,Offender given suspended prison sentence
544b2889a48dae3c6d9d7a2518273f345370df1069e6fcc6bf23297eb6c1ae08,2015-10,City of London Police,City of London Police,-0.086624,51.511923,On or near CLEMENT'S LANE,E01032739,City of London 001F,Offender fined
d2cc0328c81c5786fe73db3acfd8582744dfc8d8783ebdee23875a420e29c7d3,2015-10,City of London Police,City of London Police,-0.084618,51.512682,On or near GRACECHURCH STREET,E01032739,City of London 001F,Defendant found not guilty
6ed1366f8a75121eed7b9780f3bfe3d6407fa64e3a2bffcf1150b851754e0b98,2015-10,City of London Police,City of London Police,-0.097334,51.521567,On or near FANN STREET,E01000001,City of London 001A,Offender given community sentence
482e5777e0cb35981a22d10df32abd5ef28e2fd21b2e857929f3fc3bac74627f,2015-10,City of London Police,City of London Police,-0.075389,51.511775,On or near MINORIES,E01000005,City of London 001E,Defendant found not guilty
8f82ee52d7607dd41a274732c19d51c742b437bb9b54fcff064369dbfa9d5274,2015-10,City of London Police,City of London Police,-0.092723,51.517032,On or near ALDERMANBURY SQUARE,E01000002,City of London 001B,Offender fined
ac3252d4e5d1b030eaada1c48ffab3a38dde552e1184cbe4f62ad8448be48dab,2015-10,City of London Police,City of London Police,-0.081938,51.513007,On or near LIME STREET,E01032739,City of London 001F,Defendant found not guilty
6ed1366f8a75121eed7b9780f3bfe3d6407fa64e3a2bffcf1150b851754e0b98,2015-10,City of London Police,City of London Police,-0.097334,51.521567,On or near FANN STREET,E01000001,City of London 001A,Offender given community sentence
681b579d4d273ab2d5d2f11096db7814ec34ae13d9045366dd298ff1e2fc3bea,2015-10,City of London Police,City of London Police,-0.081938,51.513007,On or near LIME STREET,E01032739,City of London 001F,Defendant found not guilty
6d7d0b2d57d094c8133e2c4bc924c2106fd1ab421de08c6437c0b472b65d3cdc,2015-10,City of London Police,City of London Police,-0.086278,51.509876,On or near FISH STREET HILL,E01032739,City of London 001F,Offender sent to prison
10d3619ed5bad03ca3c644fd29fb78b952bf6d7b59712e270ef1b451bcf9e0fc,2015-10,City of London Police,City of London Police,-0.080376,51.517244,On or near Supermarket,E01032739,City of London 001F,Offender given community sentence
4a8a12c6f448c4dba99571949c1c2c4d1ff9c19432fa5450b4bea5ba682712c0,2015-10,City of London Police,City of London Police,,,No location,,,Defendant found not guilty
4babc67944d650f9dfca752f6f995315ef6f93f85d9ae4055dbb63776f79dedf,2015-10,City of London Police,City of London Police,-0.082628,51.518189,On or near SUN STREET PASSAGE,E01032739,City of London 001F,Offender given suspended prison sentence
f321a520daa3337778e7fc7919120d6fc25a4438d171d2d7f2ba2b133014bac3,2015-10,City of London Police,City of London Police,-0.090348,51.519358,On or near MOOR LANE,E01000002,City of London 001B,Offender given community sentence
3abdcf51430c0a8132e2eb77ad1ea07a3952dd549e5b3f03c65a052f6cfdfb7d,2015-10,City of London Police,City of London Police,-0.086624,51.511923,On or near CLEMENT'S LANE,E01032739,City of London 001F,Defendant found not guilty
ba63323d2cd6f62936048ef2f3793222aa570c1186dc015bfe713ae2930d78f7,2015-10,City of London Police,City of London Police,-0.096363,51.513377,On or near NEW CHANGE,E01032739,City of London 001F,Defendant found not guilty
28f7e5d2a4eab45dc9dbcf70e79735a442754efed4167eefddd3b67e4058135a,2015-10,City of London Police,City of London Police,-0.096363,51.513377,On or near NEW CHANGE,E01032739,City of London 001F,Offender sent to prison
c593a045d44e55145259954eb232b6217751ceaacec8848d146ed8adb59935d8,2015-10,City of London Police,City of London Police,-0.093465,51.514463,On or near RUSSIA ROW,E01032739,City of London 001F,Offender fined
89a42fed9d6b4857fb012c30624129e4a94eff7ca612ed4ecd6b92c7b14e4325,2015-10,City of London Police,City of London Police,-0.080376,51.517244,On or near Supermarket,E01032739,City of London 001F,Offender fined
66231d313cabb6a34cb502087ee826f19f27e6d5f53874344d4dddb52119ceb0,2015-10,City of London Police,City of London Police,-0.096363,51.513377,On or near NEW CHANGE,E01032739,City of London 001F,Offender sent to prison
f5e420c6c5e7d7c1dbea8173ee042c20f1b3e5f5676521775a3a19992cce3be8,2015-10,City of London Police,City of London Police,-0.080376,51.517244,On or near Supermarket,E01032739,City of London 001F,Offender fined
db4f7fb5b7f035d8ade19724446fdd81356dcde77509031f6c5d49a3d9ea7cd8,2015-10,City of London Police,City of London Police,-0.084618,51.512682,On or near GRACECHURCH STREET,E01032739,City of London 001F,Offender given suspended prison sentence
4a8a12c6f448c4dba99571949c1c2c4d1ff9c19432fa5450b4bea5ba682712c0,2015-10,City of London Police,City of London Police,,,No location,,,Defendant found not guilty
f5268dd0b34de84aec7d9f57fb5da4855ae608bd1e4acb7d55379cc036d082ff,2015-10,City of London Police,City of London Police,-0.087277,51.505963,On or near DUKE STREET HILL,E01004027,Southwark 003E,Court case unable to proceed
67481906291988b3c7dd2ccf03be32f5b3ef660fd78befbc853501378ea78351,2015-10,City of London Police,City of London Police,-0.084618,51.512682,On or near GRACECHURCH STREET,E01032739,City of London 001F,Offender sent to prison
61f35bdf8a00dcc52fdf188eccb5780aaef0228df5e3f88f1c0beb6c75586057,2015-10,City of London Police,City of London Police,-0.084967,51.512598,On or near BELL INN YARD,E01032739,City of London 001F,Offender given conditional discharge
6f8fe31db2ed9e94dc7edaa75e9003fd4f82be524481a0b6dc747e577d263a40,2015-10,City of London Police,City of London Police,-0.074330,51.513647,On or near LITTLE SOMERSET STREET,E01000005,City of London 001E,Defendant found not guilty
95b1d8d8dd02286ab5609bf800212ffc97f5c8d618003fb40c98e68877bda992,2015-10,City of London Police,City of London Police,-0.111132,51.512420,On or near MIDDLE TEMPLE LANE,E01032740,City of London 001G,Offender sent to prison
fe1d80bbd13a2f83b58dc2addadca5c8ea192227c43e319931346031a724a7f9,2015-10,City of London Police,City of London Police,-0.090710,51.513132,On or near QUEEN VICTORIA STREET,E01032739,City of London 001F,Offender given suspended prison sentence
89a42fed9d6b4857fb012c30624129e4a94eff7ca612ed4ecd6b92c7b14e4325,2015-10,City of London Police,City of London Police,-0.080376,51.517244,On or near Supermarket,E01032739,City of London 001F,Offender fined
f45dc2d1f4e43e3ec840e8c641e4f64f047c567b694a50f102f8fc0854d80d66,2015-10,City of London Police,City of London Police,-0.080782,51.514804,On or near ST MARY AXE,E01032739,City of London 001F,Offender sent to prison
2e90f6b24bec4ed7e27398812d729113fad4f0ac39262813510695b8db1aa66d,2015-10,City of London Police,City of London Police,-0.086624,51.511923,On or near CLEMENT'S LANE,E01032739,City of London 001F,Offender sent to prison
3ed2bc3e3db4ab531c6e4b174f3054bb2065c151a6e1b1f89d4bdca5658a8856,2015-10,City of London Police,City of London Police,,,No location,,,Offender sent to prison
ad0fd6463061addb65b0d086c1349b89fd6b206077627fd064fb9baa61d7281c,2015-10,City of London Police,City of London Police,,,No location,,,Offender fined
e771bd36ef4257bb2d6442e273bdaaa2f7ff5f3fe76cd86e632f7f4c36642e85,2015-10,City of London Police,City of London Police,-0.083296,51.517058,On or near OLD BROAD STREET,E01032739,City of London 001F,Offender given suspended prison sentence
bcd19e378ce1b578b4b5778be5e5171ff7451b4573e98db43eece56990f07b56,2015-10,City of London Police,City of London Police,-0.093465,51.514463,On or near RUSSIA ROW,E01032739,City of London 001F,Offender given community sentence
7b3d0330f763704e264f27cedc5273170f51a8dc982efd0c9651b44ed90d3160,2015-10,City of London Police,City of London Police,-0.084618,51.512682,On or near GRACECHURCH STREET,E01032739,City of London 001F,Defendant found not guilty
bb5f4e002de023a7a96734a282b0f13b3e1a73bbded9edbb26eaa481837b5403,2015-10,City of London Police,City of London Police,-0.101073,51.513453,On or near CREED LANE,E01032739,City of London 001F,Offender given community sentence
